{"is_source_file": true, "format": "JavaScript (React)", "description": "This file is the entry point for a React web application, responsible for rendering the main App component into the DOM.", "external_files": ["react", "react-dom/client", "./index.css", "./App"], "external_methods": ["ReactDOM.createRoot", "root.render"], "published": [], "classes": [], "methods": [{"name": "render", "description": "Renders the React App component into the DOM element with id 'root'."}], "calls": ["ReactDOM.createRoot", "root.render"], "search-terms": ["React", "ReactDOM", "index.js", "App component", "React StrictMode", "render"], "state": 2, "file_id": 1, "knowledge_revision": 23, "git_revision": "bb04cf49c8d4c36b09c8ac078afb2befead0926f", "ctags": [{"_type": "tag", "name": "root", "path": "/home/kavia/workspace/code-generation/excuse-generator-201721-201730/funny_excuse_frontend/src/index.js", "pattern": "/^const root = ReactDOM.createRoot(document.getElementById('root'));$/", "language": "JavaScript", "kind": "constant"}], "hash": "9fc5841375336fc175b49f8767a11383", "format-version": 4, "code-base-name": "funny_excuse_frontend", "filename": "funny_excuse_frontend/src/index.js", "revision_history": [{"23": "bb04cf49c8d4c36b09c8ac078afb2befead0926f"}]}