{"is_source_file": true, "format": "JavaScript/ECMAScript Module (ESM)", "description": "ESLint configuration file for a JavaScript project, specifying parser options, globals, plugins, and rules for linting React and JavaScript files.", "external_files": ["@eslint/js", "eslint-plugin-react"], "external_methods": [], "published": [], "classes": [], "methods": [], "calls": ["pluginJs", "pluginReact", "pluginJs.configs.recommended"], "search-terms": ["eslint", "eslint-plugin-react", "ecmaVersion", "jsx", "plugins", "rules", "globals", "parserOptions"], "state": 2, "file_id": 8, "knowledge_revision": 21, "git_revision": "bb04cf49c8d4c36b09c8ac078afb2befead0926f", "hash": "be6538e7523bc2e9da0743133d784136", "format-version": 4, "code-base-name": "funny_excuse_frontend", "filename": "funny_excuse_frontend/eslint.config.mjs", "revision_history": [{"21": "bb04cf49c8d4c36b09c8ac078afb2befead0926f"}]}