{"is_source_file": false, "format": "", "description": "", "external_files": [], "external_methods": [], "published": [], "classes": [], "methods": [], "calls": [], "search-terms": [], "state": 2, "file_id": 10, "knowledge_revision": 15, "git_revision": "bb04cf49c8d4c36b09c8ac078afb2befead0926f", "hash": "d2b40d02d5f7873d8a6713bad837edd4", "format-version": 4, "code-base-name": "funny_excuse_frontend", "filename": "funny_excuse_frontend/public/index.html", "revision_history": [{"15": "bb04cf49c8d4c36b09c8ac078afb2befead0926f"}]}