{"is_source_file": false, "format": "", "description": "", "external_files": [], "external_methods": [], "published": [], "classes": [], "methods": [], "calls": [], "search-terms": [], "state": 2, "file_id": 9, "knowledge_revision": 16, "git_revision": "bb04cf49c8d4c36b09c8ac078afb2befead0926f", "hash": "d001d53c059625c4bcf75bf5a7f3fcf0", "format-version": 4, "code-base-name": "funny_excuse_frontend", "filename": "funny_excuse_frontend/package.json", "revision_history": [{"16": "bb04cf49c8d4c36b09c8ac078afb2befead0926f"}]}