{"is_source_file": false, "format": "", "description": "", "external_files": [], "external_methods": [], "published": [], "classes": [], "methods": [], "calls": [], "search-terms": [], "state": 2, "file_id": 3, "knowledge_revision": 19, "git_revision": "bb04cf49c8d4c36b09c8ac078afb2befead0926f", "ctags": [], "hash": "1a77571e1a8cf36018a41bcedf60db75", "format-version": 4, "code-base-name": "funny_excuse_frontend", "filename": "funny_excuse_frontend/src/setupTests.js", "revision_history": [{"19": "bb04cf49c8d4c36b09c8ac078afb2befead0926f"}]}