{"is_source_file": false, "format": "JSON", "description": "", "external_files": [], "external_methods": [], "published": [], "classes": [], "methods": [], "calls": [], "search-terms": [], "state": 2, "file_id": 11, "knowledge_revision": 17, "git_revision": "bb04cf49c8d4c36b09c8ac078afb2befead0926f", "hash": "d9d975cebe2ec20b6c652e1e4c12ccf0", "format-version": 4, "code-base-name": "funny_excuse_frontend", "filename": "funny_excuse_frontend/public/manifest.json", "revision_history": [{"17": "bb04cf49c8d4c36b09c8ac078afb2befead0926f"}]}