{"is_source_file": false, "format": "", "description": "", "external_files": [], "external_methods": [], "published": [], "classes": [], "methods": [], "calls": [], "search-terms": ["App.css", "CSS variables", "theme management", "dark mode", "responsive design"], "state": 2, "file_id": 6, "knowledge_revision": 18, "git_revision": "bb04cf49c8d4c36b09c8ac078afb2befead0926f", "hash": "22f9e17cc1848b56dbb244518ac2707e", "format-version": 4, "code-base-name": "funny_excuse_frontend", "filename": "funny_excuse_frontend/src/App.css", "revision_history": [{"18": "bb04cf49c8d4c36b09c8ac078afb2befead0926f"}]}