{"is_source_file": false, "format": "", "description": "", "external_files": [], "external_methods": [], "published": [], "classes": [], "methods": [], "calls": [], "search-terms": [], "state": 2, "file_id": 4, "knowledge_revision": 14, "git_revision": "bb04cf49c8d4c36b09c8ac078afb2befead0926f", "hash": "6c2104b8d219ed99234ae2d6329f4357", "format-version": 4, "code-base-name": "funny_excuse_frontend", "filename": "funny_excuse_frontend/src/index.css", "revision_history": [{"14": "bb04cf49c8d4c36b09c8ac078afb2befead0926f"}]}