{"is_source_file": true, "format": "JavaScript (React)", "description": "This file defines the main React component 'App' which manages theme toggling between light and dark modes, and renders the application's header with a toggle button, logo, informational text, and a link to React documentation.", "external_files": ["./logo.svg", "./App.css"], "external_methods": ["React.useState", "React.useEffect"], "published": ["App"], "classes": [], "methods": ["App", "toggleTheme"], "calls": ["document.documentElement.setAttribute", "setTheme", "prevTheme => prevTheme === 'light' ? 'dark' : 'light'", "useState", "useEffect"], "search-terms": ["React theme toggle", "App component", "useState hook", "useEffect hook", "Light/Dark mode toggle"], "state": 2, "file_id": 5, "knowledge_revision": 12, "git_revision": "", "ctags": [{"_type": "tag", "name": "App", "path": "/home/kavia/workspace/code-generation/excuse-generator-201721-201730/funny_excuse_frontend/src/App.js", "pattern": "/^function App() {$/", "language": "JavaScript", "kind": "function", "signature": "()"}, {"_type": "tag", "name": "Switch to ${theme === 'light' ? 'dark' : 'light'} mode", "path": "/home/kavia/workspace/code-generation/excuse-generator-201721-201730/funny_excuse_frontend/src/App.js", "pattern": "/^          aria-label={`Switch to ${theme === 'light' ? 'dark' : 'light'} mode`}$/", "language": "JavaScript", "kind": "field", "scope": "App.aria", "scopeKind": "class"}, {"_type": "tag", "name": "toggleTheme", "path": "/home/kavia/workspace/code-generation/excuse-generator-201721-201730/funny_excuse_frontend/src/App.js", "pattern": "/^          onClick={toggleTheme}$/", "language": "JavaScript", "kind": "field", "scope": "App.onClick", "scopeKind": "class"}], "hash": "b55dd9e6a018e59207d8e277dffd9e11", "format-version": 4, "code-base-name": "funny_excuse_frontend", "filename": "funny_excuse_frontend/src/App.js"}