{"is_source_file": false, "format": "", "description": "", "external_files": [], "external_methods": [], "published": [], "classes": [], "methods": [], "calls": [], "search-terms": [], "state": 2, "file_id": 7, "knowledge_revision": 20, "git_revision": "bb04cf49c8d4c36b09c8ac078afb2befead0926f", "hash": "ebece526bc2eadd78ddd787a76c56607", "format-version": 4, "code-base-name": "funny_excuse_frontend", "filename": "funny_excuse_frontend/README.md", "revision_history": [{"20": "bb04cf49c8d4c36b09c8ac078afb2befead0926f"}]}