{"is_source_file": false, "format": "", "description": "", "external_files": [], "external_methods": [], "published": [], "classes": [], "methods": [], "calls": [], "search-terms": [], "state": 2, "file_id": 12, "knowledge_revision": 22, "git_revision": "76e3712e82afb3990a0f0b1d11a4739611310b07", "hash": "fdea11c34380fdbc7c382456a2ba13fe", "format-version": 4, "code-base-name": "funny_excuse_frontend", "filename": "README.md", "revision_history": [{"22": "76e3712e82afb3990a0f0b1d11a4739611310b07"}]}